gene_name,gene_type
0610009B22RIK,GOAD_microglial
0610031J06RIK,GOAD_microglial
0610040J01RIK,GOAD_microglial
1500012F01RIK,GOAD_microglial
1700001K19RIK,GOAD_microglial
1700026D08RIK,GOAD_microglial
1810011O10RIK,GOAD_microglial
2010012O05RIK,GOAD_microglial
2010015L04RIK,GOAD_microglial
2010111I01RIK,GOAD_microglial
2310022B05RIK,GOAD_microglial
2410015M20RIK,GOAD_microglial
2510009E07RIK,GOAD_microglial
2900026A02RIK,GOAD_microglial
3110043O21RIK,GOAD_microglial
4833439L19RIK,GOAD_microglial
4930404N11RIK,GOAD_microglial
4930427A07RIK,GOAD_microglial
4930486L24RIK,GOAD_microglial
4931406P16RIK,GOAD_microglial
5031414D18RIK,GOAD_microglial
5430435G22RIK,GOAD_microglial
9530068E07RIK,GOAD_microglial
9630033F20RIK,GOAD_microglial
A430105I19RIK,GOAD_microglial
AB124611,GOAD_microglial
ABCA1,GOAD_microglial
ABCB1B,GOAD_microglial
ABCC3,GOAD_microglial
ABCC5,GOAD_microglial
ABCD2,GOAD_microglial
ABCF2,GOAD_microglial
ABCG1,GOAD_microglial
ABHD15,GOAD_microglial
ABI1,GOAD_microglial
ABI2,GOAD_microglial
ABL1,GOAD_microglial
ACAA2,GOAD_microglial
ACACA,GOAD_microglial
ACOT1,GOAD_microglial
ACOT10,GOAD_microglial
ACPP,GOAD_microglial
ACTB,GOAD_microglial
ACTG1,GOAD_microglial
ACTR3,GOAD_microglial
ACTR3B,GOAD_microglial
ACVR2B,GOAD_microglial
ACY1,GOAD_microglial
ADA,GOAD_microglial
ADAM17,GOAD_microglial
ADAM8,GOAD_microglial
ADAM9,GOAD_microglial
ADAMTS1,GOAD_microglial
ADAMTSL2,GOAD_microglial
ADAP1,GOAD_microglial
ADAP2,GOAD_microglial
ADARB1,GOAD_microglial
ADD3,GOAD_microglial
ADH5,GOAD_microglial
ADI1,GOAD_microglial
ADIPOR1,GOAD_microglial
ADM,GOAD_microglial
ADORA1,GOAD_microglial
ADRB2,GOAD_microglial
ADRBK1,GOAD_microglial
ADSSL1,GOAD_microglial
AEBP2,GOAD_microglial
AF529169,GOAD_microglial
AFAP1L1,GOAD_microglial
AGAP1,GOAD_microglial
AGPAT4,GOAD_microglial
AHCYL1,GOAD_microglial
AI607873,GOAD_microglial
AIG1,GOAD_microglial
AKAP5,GOAD_microglial
AKT3,GOAD_microglial
ALCAM,GOAD_microglial
ALDH3B1,GOAD_microglial
ALDOA,GOAD_microglial
ALDOC,GOAD_microglial
ALG10B,GOAD_microglial
ALKBH2,GOAD_microglial
ALOX5AP,GOAD_microglial
ANGPTL4,GOAD_microglial
ANGPTL7,GOAD_microglial
ANK,GOAD_microglial
ANKRD33B,GOAD_microglial
ANKRD37,GOAD_microglial
ANPEP,GOAD_microglial
ANTXR2,GOAD_microglial
ANXA2,GOAD_microglial
ANXA4,GOAD_microglial
ANXA5,GOAD_microglial
AOAH,GOAD_microglial
AP2B1,GOAD_microglial
APBB2,GOAD_microglial
APH1C,GOAD_microglial
API5,GOAD_microglial
APLP2,GOAD_microglial
APOC1,GOAD_microglial
APOC2,GOAD_microglial
APOC4,GOAD_microglial
APOE,GOAD_microglial
APOLD1,GOAD_microglial
ARAP2,GOAD_microglial
AREG,GOAD_microglial
ARHGAP12,GOAD_microglial
ARHGAP22,GOAD_microglial
ARHGAP24,GOAD_microglial
ARHGAP26,GOAD_microglial
ARHGAP4,GOAD_microglial
ARHGEF10L,GOAD_microglial
ARHGEF7,GOAD_microglial
ARID3A,GOAD_microglial
ARIH1,GOAD_microglial
ARIH2,GOAD_microglial
ARL11,GOAD_microglial
ARL5C,GOAD_microglial
ARL8B,GOAD_microglial
ARMC2,GOAD_microglial
ARMC3,GOAD_microglial
ARNT2,GOAD_microglial
ARPC2,GOAD_microglial
ARPC5,GOAD_microglial
ARRB1,GOAD_microglial
ARRDC4,GOAD_microglial
ASB10,GOAD_microglial
ASB11,GOAD_microglial
ASB15,GOAD_microglial
ASB2,GOAD_microglial
ASF1B,GOAD_microglial
ASNS,GOAD_microglial
ASPM,GOAD_microglial
ASXL1,GOAD_microglial
ATAD2,GOAD_microglial
ATF5,GOAD_microglial
ATG12,GOAD_microglial
ATG16L2,GOAD_microglial
ATG7,GOAD_microglial
ATG9A,GOAD_microglial
ATOX1,GOAD_microglial
ATP1A3,GOAD_microglial
ATP1B3,GOAD_microglial
ATP5B,GOAD_microglial
ATP6V0A2,GOAD_microglial
ATP6V0C,GOAD_microglial
ATP6V0D1,GOAD_microglial
ATP6V0D2,GOAD_microglial
ATP6V0E2,GOAD_microglial
ATP6V1A,GOAD_microglial
ATP6V1B2,GOAD_microglial
ATP6V1C1,GOAD_microglial
ATP6V1D,GOAD_microglial
ATP6V1G1,GOAD_microglial
ATP8A1,GOAD_microglial
ATP8A2,GOAD_microglial
ATXN10,GOAD_microglial
AVPI1,GOAD_microglial
AXL,GOAD_microglial
B2M,GOAD_microglial
B3GNTL1,GOAD_microglial
B4GALT4,GOAD_microglial
B4GALT5,GOAD_microglial
BAIAP2L2,GOAD_microglial
BANK1,GOAD_microglial
BBS10,GOAD_microglial
BBS9,GOAD_microglial
BC028528,GOAD_microglial
BCAN,GOAD_microglial
BCAR3,GOAD_microglial
BCL2,GOAD_microglial
BCL2A1A,GOAD_microglial
BCL2A1C,GOAD_microglial
BCL2A1D,GOAD_microglial
BCL3,GOAD_microglial
BCL6,GOAD_microglial
BHLHE40,GOAD_microglial
BIN1,GOAD_microglial
BMF,GOAD_microglial
BMP2K,GOAD_microglial
BNIP3,GOAD_microglial
BRCA1,GOAD_microglial
BRI3BP,GOAD_microglial
BSG,GOAD_microglial
BST1,GOAD_microglial
BST2,GOAD_microglial
BTBD3,GOAD_microglial
BTG2,GOAD_microglial
BTLA,GOAD_microglial
BUD31,GOAD_microglial
C1GALT1C1,GOAD_microglial
C1QBP,GOAD_microglial
C3AR1,GOAD_microglial
C77080,GOAD_microglial
CACNA1A,GOAD_microglial
CACNA1D,GOAD_microglial
CACNB2,GOAD_microglial
CACNB4,GOAD_microglial
CADM1,GOAD_microglial
CALM1,GOAD_microglial
CALM2,GOAD_microglial
CALM3,GOAD_microglial
CALR,GOAD_microglial
CAMK2N1,GOAD_microglial
CAMKK1,GOAD_microglial
CAMKV,GOAD_microglial
CAPG,GOAD_microglial
CAPNS1,GOAD_microglial
CAR13,GOAD_microglial
CARD11,GOAD_microglial
CASC5,GOAD_microglial
CASP8,GOAD_microglial
CAT,GOAD_microglial
CBR2,GOAD_microglial
CBX5,GOAD_microglial
CBX7,GOAD_microglial
CCDC125,GOAD_microglial
CCDC18,GOAD_microglial
CCDC28B,GOAD_microglial
CCDC50,GOAD_microglial
CCK,GOAD_microglial
CCL24,GOAD_microglial
CCL3,GOAD_microglial
CCL6,GOAD_microglial
CCL7,GOAD_microglial
CCL8,GOAD_microglial
CCNA2,GOAD_microglial
CCNB1,GOAD_microglial
CCNB2,GOAD_microglial
CCNG1,GOAD_microglial
CCNI,GOAD_microglial
CCNY,GOAD_microglial
CCR5,GOAD_microglial
CCR7,GOAD_microglial
CCRL2,GOAD_microglial
CCRN4L,GOAD_microglial
CCT3,GOAD_microglial
CD14,GOAD_microglial
CD164,GOAD_microglial
CD200R4,GOAD_microglial
CD209A,GOAD_microglial
CD209B,GOAD_microglial
CD209F,GOAD_microglial
CD209G,GOAD_microglial
CD22,GOAD_microglial
CD244,GOAD_microglial
CD274,GOAD_microglial
CD28,GOAD_microglial
CD300LB,GOAD_microglial
CD300LF,GOAD_microglial
CD33,GOAD_microglial
CD34,GOAD_microglial
CD3D,GOAD_microglial
CD44,GOAD_microglial
CD48,GOAD_microglial
CD5,GOAD_microglial
CD52,GOAD_microglial
CD63,GOAD_microglial
CD68,GOAD_microglial
CD69,GOAD_microglial
CD72,GOAD_microglial
CD74,GOAD_microglial
CD79B,GOAD_microglial
CD83,GOAD_microglial
CD84,GOAD_microglial
CD86,GOAD_microglial
CD9,GOAD_microglial
CD93,GOAD_microglial
CD99,GOAD_microglial
CDC42SE2,GOAD_microglial
CDK18,GOAD_microglial
CDKN1A,GOAD_microglial
CDKN2A,GOAD_microglial
CDS1,GOAD_microglial
CEBPD,GOAD_microglial
CENPE,GOAD_microglial
CENPF,GOAD_microglial
CEP68,GOAD_microglial
CFP,GOAD_microglial
CGN,GOAD_microglial
CH25H,GOAD_microglial
CHAF1B,GOAD_microglial
CHCHD10,GOAD_microglial
CHD9,GOAD_microglial
CHMP2A,GOAD_microglial
CHPT1,GOAD_microglial
CHST10,GOAD_microglial
CHST11,GOAD_microglial
CHST2,GOAD_microglial
CHST3,GOAD_microglial
CHST7,GOAD_microglial
CHST8,GOAD_microglial
CHSY1,GOAD_microglial
CIB1,GOAD_microglial
CISH,GOAD_microglial
CITED2,GOAD_microglial
CITED4,GOAD_microglial
CKB,GOAD_microglial
CLCN7,GOAD_microglial
CLDN11,GOAD_microglial
CLDN12,GOAD_microglial
CLEC10A,GOAD_microglial
CLEC1A,GOAD_microglial
CLEC2D,GOAD_microglial
CLEC4A1,GOAD_microglial
CLEC4A2,GOAD_microglial
CLEC4A3,GOAD_microglial
CLEC7A,GOAD_microglial
CLIC4,GOAD_microglial
CLN5,GOAD_microglial
CLN6,GOAD_microglial
CLPTM1,GOAD_microglial
CLTC,GOAD_microglial
CLU,GOAD_microglial
CMAS,GOAD_microglial
CMTM3,GOAD_microglial
CMTM6,GOAD_microglial
CMTM7,GOAD_microglial
CNDP2,GOAD_microglial
CNN3,GOAD_microglial
COL27A1,GOAD_microglial
COL9A2,GOAD_microglial
COL9A3,GOAD_microglial
COLEC12,GOAD_microglial
COPA,GOAD_microglial
COQ7,GOAD_microglial
CORO1C,GOAD_microglial
COTL1,GOAD_microglial
COX17,GOAD_microglial
COX4I1,GOAD_microglial
COX5B,GOAD_microglial
COX6A1,GOAD_microglial
COX6A2,GOAD_microglial
COX6C,GOAD_microglial
COX7A2L,GOAD_microglial
CPD,GOAD_microglial
CPEB1,GOAD_microglial
CPEB4,GOAD_microglial
CPNE3,GOAD_microglial
CPT1A,GOAD_microglial
CREB3L2,GOAD_microglial
CREG2,GOAD_microglial
CREM,GOAD_microglial
CRIP1,GOAD_microglial
CRLF2,GOAD_microglial
CRTAP,GOAD_microglial
CRYBA4,GOAD_microglial
CRYBB1,GOAD_microglial
CS,GOAD_microglial
CSF1,GOAD_microglial
CSF1R,GOAD_microglial
CSF2RA,GOAD_microglial
CSF2RB2,GOAD_microglial
CSMD3,GOAD_microglial
CSNK1G3,GOAD_microglial
CSNK2B,GOAD_microglial
CSPG4,GOAD_microglial
CSRNP1,GOAD_microglial
CST3,GOAD_microglial
CST7,GOAD_microglial
CSTB,GOAD_microglial
CTLA2A,GOAD_microglial
CTLA2B,GOAD_microglial
CTNNA1,GOAD_microglial
CTNND2,GOAD_microglial
CTSA,GOAD_microglial
CTSB,GOAD_microglial
CTSD,GOAD_microglial
CTSE,GOAD_microglial
CTSL,GOAD_microglial
CTSS,GOAD_microglial
CTSZ,GOAD_microglial
CX3CR1,GOAD_microglial
CXCL1,GOAD_microglial
CXCL10,GOAD_microglial
CXCL14,GOAD_microglial
CXCL16,GOAD_microglial
CXCL2,GOAD_microglial
CXCR4,GOAD_microglial
CYBA,GOAD_microglial
CYBB,GOAD_microglial
CYFIP2,GOAD_microglial
CYP4F18,GOAD_microglial
CYP4V3,GOAD_microglial
CYP51,GOAD_microglial
CYSLTR1,GOAD_microglial
CYTH4,GOAD_microglial
CYTIP,GOAD_microglial
D10WSU102E,GOAD_microglial
D16ERTD472E,GOAD_microglial
D330045A20RIK,GOAD_microglial
DAB2,GOAD_microglial
DACT1,GOAD_microglial
DAP,GOAD_microglial
DBP,GOAD_microglial
DDHD1,GOAD_microglial
DDIT4,GOAD_microglial
DDOST,GOAD_microglial
DDX26B,GOAD_microglial
DDX31,GOAD_microglial
DEGS1,GOAD_microglial
DERA,GOAD_microglial
DGKH,GOAD_microglial
DGKZ,GOAD_microglial
DHCR24,GOAD_microglial
DHCR7,GOAD_microglial
DHFR,GOAD_microglial
DHX32,GOAD_microglial
DIAP1,GOAD_microglial
DKK2,GOAD_microglial
DNAJB14,GOAD_microglial
DNASE1L1,GOAD_microglial
DNASE2A,GOAD_microglial
DOCK10,GOAD_microglial
DOCK4,GOAD_microglial
DOK3,GOAD_microglial
DOT1L,GOAD_microglial
DPP7,GOAD_microglial
DPY19L3,GOAD_microglial
DPYS,GOAD_microglial
DSCR3,GOAD_microglial
DTL,GOAD_microglial
DTNBP1,GOAD_microglial
DTX3,GOAD_microglial
DUOXA1,GOAD_microglial
DUSP27,GOAD_microglial
DUSP5,GOAD_microglial
DUSP7,GOAD_microglial
DYNLT3,GOAD_microglial
DYRK4,GOAD_microglial
E2F1,GOAD_microglial
E430025E21RIK,GOAD_microglial
EAF1,GOAD_microglial
ECHS1,GOAD_microglial
ECSCR,GOAD_microglial
EEA1,GOAD_microglial
EEF1A1,GOAD_microglial
EEF1B2,GOAD_microglial
EEF2,GOAD_microglial
EEF2K,GOAD_microglial
EEPD1,GOAD_microglial
EFEMP2,GOAD_microglial
EFNA5,GOAD_microglial
EFNB1,GOAD_microglial
EFR3B,GOAD_microglial
EGLN3,GOAD_microglial
EGR2,GOAD_microglial
EHD1,GOAD_microglial
EID1,GOAD_microglial
EIF1A,GOAD_microglial
EIF2S1,GOAD_microglial
EIF2S3X,GOAD_microglial
EIF3F,GOAD_microglial
EIF4B,GOAD_microglial
EIF4EBP1,GOAD_microglial
EIF6,GOAD_microglial
ELL2,GOAD_microglial
ELMO1,GOAD_microglial
ELOVL5,GOAD_microglial
ELOVL7,GOAD_microglial
EML2,GOAD_microglial
EMR1,GOAD_microglial
ENG,GOAD_microglial
ENO1,GOAD_microglial
ENPP1,GOAD_microglial
ENTPD1,GOAD_microglial
EPHA2,GOAD_microglial
EPHX1,GOAD_microglial
EPN2,GOAD_microglial
EPRS,GOAD_microglial
EPS8,GOAD_microglial
ERCC6,GOAD_microglial
ERGIC3,GOAD_microglial
ERO1L,GOAD_microglial
ETL4,GOAD_microglial
ETS1,GOAD_microglial
ETS2,GOAD_microglial
ETV4,GOAD_microglial
ETV5,GOAD_microglial
EVI2A,GOAD_microglial
EXOSC2,GOAD_microglial
EYA4,GOAD_microglial
F13A1,GOAD_microglial
F2R,GOAD_microglial
F3,GOAD_microglial
FABP3,GOAD_microglial
FABP5,GOAD_microglial
FAM102B,GOAD_microglial
FAM105A,GOAD_microglial
FAM129B,GOAD_microglial
FAM132A,GOAD_microglial
FAM162A,GOAD_microglial
FAM20C,GOAD_microglial
FAM72A,GOAD_microglial
FASTKD3,GOAD_microglial
FBLIM1,GOAD_microglial
FBXL16,GOAD_microglial
FBXO33,GOAD_microglial
FBXW11,GOAD_microglial
FCGR1,GOAD_microglial
FCGR4,GOAD_microglial
FCHSD2,GOAD_microglial
FDPS,GOAD_microglial
FDXR,GOAD_microglial
FEM1B,GOAD_microglial
FEZ2,GOAD_microglial
FGD2,GOAD_microglial
FGF1,GOAD_microglial
FGF13,GOAD_microglial
FGL2,GOAD_microglial
FGR,GOAD_microglial
FKBP1A,GOAD_microglial
FKBP1B,GOAD_microglial
FKBP9,GOAD_microglial
FLCN,GOAD_microglial
FLNA,GOAD_microglial
FLT1,GOAD_microglial
FMN1,GOAD_microglial
FN1,GOAD_microglial
FNDC3A,GOAD_microglial
FNDC3B,GOAD_microglial
FNDC4,GOAD_microglial
FNIP1,GOAD_microglial
FNIP2,GOAD_microglial
FOSL2,GOAD_microglial
FOXN2,GOAD_microglial
FRMD4A,GOAD_microglial
FRMD4B,GOAD_microglial
FTH1,GOAD_microglial
FUCA1,GOAD_microglial
FUCA2,GOAD_microglial
FUNDC2,GOAD_microglial
FXYD5,GOAD_microglial
FXYD6,GOAD_microglial
FYN,GOAD_microglial
FZD5,GOAD_microglial
G6PC3,GOAD_microglial
G6PD2,GOAD_microglial
G6PDX,GOAD_microglial
GAA,GOAD_microglial
GAB1,GOAD_microglial
GABBR1,GOAD_microglial
GADD45A,GOAD_microglial
GAL3ST4,GOAD_microglial
GALC,GOAD_microglial
GALK2,GOAD_microglial
GALNT6,GOAD_microglial
GALNT7,GOAD_microglial
GAPDH,GOAD_microglial
GARNL3,GOAD_microglial
GAS2L3,GOAD_microglial
GAS7,GOAD_microglial
GATAD1,GOAD_microglial
GATM,GOAD_microglial
GBA,GOAD_microglial
GCA,GOAD_microglial
GCH1,GOAD_microglial
GCN1L1,GOAD_microglial
GCNT1,GOAD_microglial
GCNT2,GOAD_microglial
GDF15,GOAD_microglial
GDF9,GOAD_microglial
GEM,GOAD_microglial
GFM2,GOAD_microglial
GGA2,GOAD_microglial
GGCT,GOAD_microglial
GGH,GOAD_microglial
GGT5,GOAD_microglial
GGTA1,GOAD_microglial
GHITM,GOAD_microglial
GHR,GOAD_microglial
GIMAP1,GOAD_microglial
GIMAP6,GOAD_microglial
GJB6,GOAD_microglial
GKN1,GOAD_microglial
GLA,GOAD_microglial
GLB1,GOAD_microglial
GLIPR1,GOAD_microglial
GLRX,GOAD_microglial
GLT25D1,GOAD_microglial
GLUL,GOAD_microglial
GM11545,GOAD_microglial
GM1673,GOAD_microglial
GM2A,GOAD_microglial
GMFB,GOAD_microglial
GNA15,GOAD_microglial
GNAI3,GOAD_microglial
GNB2L1,GOAD_microglial
GNG12,GOAD_microglial
GNPTAB,GOAD_microglial
GOLM1,GOAD_microglial
GOLPH3,GOAD_microglial
GOLT1B,GOAD_microglial
GOT1,GOAD_microglial
GP49A,GOAD_microglial
GP9,GOAD_microglial
GPD1,GOAD_microglial
GPD2,GOAD_microglial
GPHA2,GOAD_microglial
GPI1,GOAD_microglial
GPNMB,GOAD_microglial
GPR132,GOAD_microglial
GPR137B,GOAD_microglial
GPR162,GOAD_microglial
GPR183,GOAD_microglial
GPR56,GOAD_microglial
GPR65,GOAD_microglial
GPR84,GOAD_microglial
GPRASP2,GOAD_microglial
GPX3,GOAD_microglial
GPX4,GOAD_microglial
GRAMD1A,GOAD_microglial
GRAMD1B,GOAD_microglial
GRAMD3,GOAD_microglial
GRAP,GOAD_microglial
GRASP,GOAD_microglial
GRHL1,GOAD_microglial
GRIFIN,GOAD_microglial
GRN,GOAD_microglial
GRRP1,GOAD_microglial
GSN,GOAD_microglial
GSTM5,GOAD_microglial
GSTO1,GOAD_microglial
GTF2H1,GOAD_microglial
GTF2H2,GOAD_microglial
GTF3C4,GOAD_microglial
GUSB,GOAD_microglial
GVIN1,GOAD_microglial
GYG,GOAD_microglial
GYK,GOAD_microglial
H1F0,GOAD_microglial
H2-AA,GOAD_microglial
H2-AB1,GOAD_microglial
H2-D1,GOAD_microglial
H2-K1,GOAD_microglial
H2-M3,GOAD_microglial
H2-Q2,GOAD_microglial
H2-Q6,GOAD_microglial
H2-Q7,GOAD_microglial
H2-T10,GOAD_microglial
H2AFX,GOAD_microglial
HAAO,GOAD_microglial
HBEGF,GOAD_microglial
HCCS,GOAD_microglial
HCK,GOAD_microglial
HCST,GOAD_microglial
HDAC9,GOAD_microglial
HECTD2,GOAD_microglial
HELZ,GOAD_microglial
HES1,GOAD_microglial
HEXA,GOAD_microglial
HEY1,GOAD_microglial
HGF,GOAD_microglial
HIF1A,GOAD_microglial
HIGD1A,GOAD_microglial
HIGD2A,GOAD_microglial
HIST1H1C,GOAD_microglial
HIST1H1D,GOAD_microglial
HIST1H1E,GOAD_microglial
HIST2H2AA1,GOAD_microglial
HIVEP2,GOAD_microglial
HLF,GOAD_microglial
HMGCS1,GOAD_microglial
HMGN3,GOAD_microglial
HMHA1,GOAD_microglial
HMMR,GOAD_microglial
HPS3,GOAD_microglial
HPSE,GOAD_microglial
HSD17B12,GOAD_microglial
HSPA12A,GOAD_microglial
HSPA1A,GOAD_microglial
HSPA9,GOAD_microglial
HSPD1,GOAD_microglial
HTATIP2,GOAD_microglial
HTRA1,GOAD_microglial
HTRA3,GOAD_microglial
I830077J02RIK,GOAD_microglial
IARS2,GOAD_microglial
ID3,GOAD_microglial
IDH1,GOAD_microglial
IDH2,GOAD_microglial
IDI1,GOAD_microglial
IER2,GOAD_microglial
IER3,GOAD_microglial
IER5L,GOAD_microglial
IFI204,GOAD_microglial
IFI205,GOAD_microglial
IFI27L2A,GOAD_microglial
IFI30,GOAD_microglial
IFIT2,GOAD_microglial
IFIT3,GOAD_microglial
IFITM2,GOAD_microglial
IFITM3,GOAD_microglial
IFNG,GOAD_microglial
IFNGR1,GOAD_microglial
IGF1,GOAD_microglial
IGF2R,GOAD_microglial
IGFBP5,GOAD_microglial
IGFBP6,GOAD_microglial
IGSF6,GOAD_microglial
IL10RA,GOAD_microglial
IL12B,GOAD_microglial
IL12RB2,GOAD_microglial
IL16,GOAD_microglial
IL18BP,GOAD_microglial
IL1A,GOAD_microglial
IL1B,GOAD_microglial
IL1R1,GOAD_microglial
IL1RN,GOAD_microglial
IL23A,GOAD_microglial
IL2RG,GOAD_microglial
IL3RA,GOAD_microglial
IL4I1,GOAD_microglial
IL6RA,GOAD_microglial
IL7R,GOAD_microglial
IMPACT,GOAD_microglial
IMPDH1,GOAD_microglial
INF2,GOAD_microglial
INPP5D,GOAD_microglial
IQGAP1,GOAD_microglial
IQGAP3,GOAD_microglial
IRAK3,GOAD_microglial
IRF4,GOAD_microglial
IRF7,GOAD_microglial
IRG1,GOAD_microglial
IRGM2,GOAD_microglial
ISG15,GOAD_microglial
ISOC1,GOAD_microglial
ITGA4,GOAD_microglial
ITGA5,GOAD_microglial
ITGA9,GOAD_microglial
ITGAL,GOAD_microglial
ITGAX,GOAD_microglial
ITGB1,GOAD_microglial
ITGB1BP1,GOAD_microglial
ITGB2,GOAD_microglial
ITM2B,GOAD_microglial
ITM2C,GOAD_microglial
ITPKB,GOAD_microglial
ITPRIP,GOAD_microglial
IVNS1ABP,GOAD_microglial
JAG1,GOAD_microglial
JMJD6,GOAD_microglial
JOSD1,GOAD_microglial
JUN,GOAD_microglial
KCNJ2,GOAD_microglial
KCNK12,GOAD_microglial
KCNK6,GOAD_microglial
KCTD6,GOAD_microglial
KHDRBS3,GOAD_microglial
KIF11,GOAD_microglial
KIF14,GOAD_microglial
KIF15,GOAD_microglial
KIF1A,GOAD_microglial
KIF5B,GOAD_microglial
KLF10,GOAD_microglial
KLF2,GOAD_microglial
KLF3,GOAD_microglial
KLF7,GOAD_microglial
KLHL6,GOAD_microglial
KLK8,GOAD_microglial
KLRB1A,GOAD_microglial
KLRB1B,GOAD_microglial
KRR1,GOAD_microglial
KYNU,GOAD_microglial
L7RN6,GOAD_microglial
LAG3,GOAD_microglial
LAMC1,GOAD_microglial
LAMP1,GOAD_microglial
LAMP2,GOAD_microglial
LANCL2,GOAD_microglial
LAP3,GOAD_microglial
LCK,GOAD_microglial
LDHA,GOAD_microglial
LDHB,GOAD_microglial
LDLR,GOAD_microglial
LDLRAD3,GOAD_microglial
LEFTY1,GOAD_microglial
LEPREL1,GOAD_microglial
LEPREL2,GOAD_microglial
LEPROT,GOAD_microglial
LEPROTL1,GOAD_microglial
LFNG,GOAD_microglial
LGALS1,GOAD_microglial
LGALS3,GOAD_microglial
LGALS3BP,GOAD_microglial
LGI2,GOAD_microglial
LGMN,GOAD_microglial
LHFPL2,GOAD_microglial
LIFR,GOAD_microglial
LILRB3,GOAD_microglial
LILRB4,GOAD_microglial
LIN54,GOAD_microglial
LIPA,GOAD_microglial
LITAF,GOAD_microglial
LMBRD2,GOAD_microglial
LMNA,GOAD_microglial
LMNB1,GOAD_microglial
LONRF3,GOAD_microglial
LOX,GOAD_microglial
LPL,GOAD_microglial
LRBA,GOAD_microglial
LRFN4,GOAD_microglial
LRP12,GOAD_microglial
LRPAP1,GOAD_microglial
LRRC14B,GOAD_microglial
LRRC3,GOAD_microglial
LRRC58,GOAD_microglial
LRRC59,GOAD_microglial
LRRFIP1,GOAD_microglial
LST1,GOAD_microglial
LTC4S,GOAD_microglial
LUZP1,GOAD_microglial
LY6G6E,GOAD_microglial
LY9,GOAD_microglial
LYL1,GOAD_microglial
LYPLAL1,GOAD_microglial
LYST,GOAD_microglial
LYZ,GOAD_microglial
LYZ1,GOAD_microglial
LYZ2,GOAD_microglial
LYZL4,GOAD_microglial
M6PR,GOAD_microglial
MAF,GOAD_microglial
MAFF,GOAD_microglial
MAGED1,GOAD_microglial
MALAT1,GOAD_microglial
MALT1,GOAD_microglial
MAMDC2,GOAD_microglial
MAML1,GOAD_microglial
MAN1C1,GOAD_microglial
MAN2A1,GOAD_microglial
MAN2B2,GOAD_microglial
MANBA,GOAD_microglial
MANSC1,GOAD_microglial
MAP2K3,GOAD_microglial
MAPK3,GOAD_microglial
MAPKAPK2,GOAD_microglial
MAPKAPK3,GOAD_microglial
45359,GOAD_microglial
MARCKS,GOAD_microglial
MARCKSL1,GOAD_microglial
MAX,GOAD_microglial
MBD2,GOAD_microglial
MBOAT1,GOAD_microglial
MCM3,GOAD_microglial
MCOLN2,GOAD_microglial
MDFIC,GOAD_microglial
MED11,GOAD_microglial
MED8,GOAD_microglial
MEGF9,GOAD_microglial
MEOX1,GOAD_microglial
METRNL,GOAD_microglial
METTL3,GOAD_microglial
MEX3C,GOAD_microglial
MFNG,GOAD_microglial
MGAT4A,GOAD_microglial
MIB1,GOAD_microglial
MICAL2,GOAD_microglial
MIF,GOAD_microglial
MIPOL1,GOAD_microglial
MKNK2,GOAD_microglial
MLXIPL,GOAD_microglial
MMD,GOAD_microglial
MMP12,GOAD_microglial
MNDA,GOAD_microglial
MOCOS,GOAD_microglial
MOSPD2,GOAD_microglial
MPEG1,GOAD_microglial
MPI,GOAD_microglial
MPP1,GOAD_microglial
MR1,GOAD_microglial
MRAS,GOAD_microglial
MRC1,GOAD_microglial
MRGPRE,GOAD_microglial
MRPL13,GOAD_microglial
MRPS18A,GOAD_microglial
MRPS2,GOAD_microglial
MRPS21,GOAD_microglial
MS4A4A,GOAD_microglial
MS4A4B,GOAD_microglial
MS4A6C,GOAD_microglial
MS4A6D,GOAD_microglial
MS4A7,GOAD_microglial
MSN,GOAD_microglial
MT1,GOAD_microglial
MT2,GOAD_microglial
MTHFD2,GOAD_microglial
MTMR11,GOAD_microglial
MTPN,GOAD_microglial
MTSS1,GOAD_microglial
MTUS1,GOAD_microglial
MVD,GOAD_microglial
MVP,GOAD_microglial
MX1,GOAD_microglial
MYC,GOAD_microglial
MYL6,GOAD_microglial
MYO10,GOAD_microglial
MYO1E,GOAD_microglial
MYO5A,GOAD_microglial
NAB1,GOAD_microglial
NAB2,GOAD_microglial
NAGLU,GOAD_microglial
NAP1L1,GOAD_microglial
NAT6,GOAD_microglial
NAT8L,GOAD_microglial
NAV1,GOAD_microglial
NAV3,GOAD_microglial
NBEAL2,GOAD_microglial
NBL1,GOAD_microglial
NCAPG2,GOAD_microglial
NCAPH,GOAD_microglial
NCEH1,GOAD_microglial
NDRG4,GOAD_microglial
NDST1,GOAD_microglial
NDUFA1,GOAD_microglial
NDUFA12,GOAD_microglial
NEIL2,GOAD_microglial
NEIL3,GOAD_microglial
NEK7,GOAD_microglial
NENF,GOAD_microglial
NES,GOAD_microglial
NEURL1A,GOAD_microglial
NEXN,GOAD_microglial
NFAM1,GOAD_microglial
NFIL3,GOAD_microglial
NFKB2,GOAD_microglial
NFKBIE,GOAD_microglial
NGEF,GOAD_microglial
NID2,GOAD_microglial
NLRC3,GOAD_microglial
NLRP3,GOAD_microglial
NMB,GOAD_microglial
NME1,GOAD_microglial
NOD2,GOAD_microglial
NPC2,GOAD_microglial
NPL,GOAD_microglial
NPNT,GOAD_microglial
NR1D1,GOAD_microglial
NR4A2,GOAD_microglial
NR4A3,GOAD_microglial
NRBF2,GOAD_microglial
NRIP1,GOAD_microglial
NRM,GOAD_microglial
NRP1,GOAD_microglial
NRP2,GOAD_microglial
NRSN1,GOAD_microglial
NSF,GOAD_microglial
NSMCE2,GOAD_microglial
NTN3,GOAD_microglial
NUCKS1,GOAD_microglial
NUDT19,GOAD_microglial
NUDT4,GOAD_microglial
NUF2,GOAD_microglial
NUMB,GOAD_microglial
NUP88,GOAD_microglial
OAS1A,GOAD_microglial
OAS1F,GOAD_microglial
OAS1G,GOAD_microglial
OASL1,GOAD_microglial
OASL2,GOAD_microglial
ODC1,GOAD_microglial
OGDH,GOAD_microglial
OLA1,GOAD_microglial
OLFR110,GOAD_microglial
OLFR111,GOAD_microglial
OLFR128,GOAD_microglial
OLR1,GOAD_microglial
OS9,GOAD_microglial
OSBPL3,GOAD_microglial
OSBPL8,GOAD_microglial
OSGIN1,GOAD_microglial
OSM,GOAD_microglial
OSTM1,GOAD_microglial
OTUD1,GOAD_microglial
OXCT1,GOAD_microglial
P2RX4,GOAD_microglial
P2RY12,GOAD_microglial
P2RY13,GOAD_microglial
P2RY2,GOAD_microglial
P4HB,GOAD_microglial
PACSIN1,GOAD_microglial
PADI3,GOAD_microglial
PAF1,GOAD_microglial
PAICS,GOAD_microglial
PAPOLG,GOAD_microglial
PBXIP1,GOAD_microglial
PCDHB22,GOAD_microglial
PDCD1,GOAD_microglial
PDCD6,GOAD_microglial
PDCD6IP,GOAD_microglial
PDE2A,GOAD_microglial
PDE4B,GOAD_microglial
PDGFA,GOAD_microglial
PDGFC,GOAD_microglial
PDK3,GOAD_microglial
PDLIM4,GOAD_microglial
PDXK,GOAD_microglial
PEA15A,GOAD_microglial
PEBP1,GOAD_microglial
PELI2,GOAD_microglial
PELO,GOAD_microglial
PER3,GOAD_microglial
PERP,GOAD_microglial
PF4,GOAD_microglial
PFKL,GOAD_microglial
PFN1,GOAD_microglial
PFN2,GOAD_microglial
PGAM1,GOAD_microglial
PGK1,GOAD_microglial
PGM2,GOAD_microglial
PHF11,GOAD_microglial
PHGDH,GOAD_microglial
PHLDA1,GOAD_microglial
PHLDA3,GOAD_microglial
PHLDB1,GOAD_microglial
PHYHD1,GOAD_microglial
PID1,GOAD_microglial
PIGA,GOAD_microglial
PIGS,GOAD_microglial
PIK3R1,GOAD_microglial
PIM3,GOAD_microglial
PITPNA,GOAD_microglial
PITRM1,GOAD_microglial
PKIB,GOAD_microglial
PKP2,GOAD_microglial
PLAU,GOAD_microglial
PLAUR,GOAD_microglial
PLBD2,GOAD_microglial
PLCL2,GOAD_microglial
PLD1,GOAD_microglial
PLD3,GOAD_microglial
PLD4,GOAD_microglial
PLEK,GOAD_microglial
PLEKHA1,GOAD_microglial
PLEKHB2,GOAD_microglial
PLEKHH1,GOAD_microglial
PLEKHM2,GOAD_microglial
PLEKHO1,GOAD_microglial
PLIN2,GOAD_microglial
PLK2,GOAD_microglial
PLP2,GOAD_microglial
PLXNA2,GOAD_microglial
PLXNA4,GOAD_microglial
PLXNC1,GOAD_microglial
PMAIP1,GOAD_microglial
PMEPA1,GOAD_microglial
PMVK,GOAD_microglial
PNP,GOAD_microglial
PNPLA7,GOAD_microglial
PON3,GOAD_microglial
POT1B,GOAD_microglial
PPAP2A,GOAD_microglial
PPFIBP1,GOAD_microglial
PPIB,GOAD_microglial
PPM1A,GOAD_microglial
PPM1F,GOAD_microglial
PPM1J,GOAD_microglial
PPP1R3C,GOAD_microglial
PPP1R3F,GOAD_microglial
PPP3R1,GOAD_microglial
PPT1,GOAD_microglial
PQLC1,GOAD_microglial
PQLC3,GOAD_microglial
PRC1,GOAD_microglial
PRCP,GOAD_microglial
PRDM1,GOAD_microglial
PRDX3,GOAD_microglial
PRDX4,GOAD_microglial
PRDX5,GOAD_microglial
PRDX6,GOAD_microglial
PRELID2,GOAD_microglial
PRICKLE1,GOAD_microglial
PRKAB1,GOAD_microglial
PRKAR1A,GOAD_microglial
PRKCA,GOAD_microglial
PRKG1,GOAD_microglial
PRKX,GOAD_microglial
PRL2C1,GOAD_microglial
PRNP,GOAD_microglial
PROCR,GOAD_microglial
PROX2,GOAD_microglial
PRR11,GOAD_microglial
PRR15,GOAD_microglial
PRR18,GOAD_microglial
PRR5L,GOAD_microglial
PSAT1,GOAD_microglial
PSEN2,GOAD_microglial
PSMB6,GOAD_microglial
PSMD10,GOAD_microglial
PSMD2,GOAD_microglial
PSME1,GOAD_microglial
PTCHD1,GOAD_microglial
PTGER4,GOAD_microglial
PTGS1,GOAD_microglial
PTGS2,GOAD_microglial
PTPLAD2,GOAD_microglial
PTPLB,GOAD_microglial
PVR,GOAD_microglial
PWP2,GOAD_microglial
PXDN,GOAD_microglial
PYGL,GOAD_microglial
QPCT,GOAD_microglial
QPCTL,GOAD_microglial
QPRT,GOAD_microglial
RAB20,GOAD_microglial
RAB34,GOAD_microglial
RAB39,GOAD_microglial
RAB3IL1,GOAD_microglial
RAB7,GOAD_microglial
RACGAP1,GOAD_microglial
RAI14,GOAD_microglial
RALGPS2,GOAD_microglial
RAMP1,GOAD_microglial
RAMP3,GOAD_microglial
RANBP2,GOAD_microglial
RAP2A,GOAD_microglial
RAP2B,GOAD_microglial
RAPGEF5,GOAD_microglial
RASD2,GOAD_microglial
RASGEF1A,GOAD_microglial
RASGRP4,GOAD_microglial
RASSF1,GOAD_microglial
RASSF3,GOAD_microglial
RBM5,GOAD_microglial
RCE1,GOAD_microglial
REEP3,GOAD_microglial
RELB,GOAD_microglial
RELL1,GOAD_microglial
REPS2,GOAD_microglial
RFTN1,GOAD_microglial
RFTN2,GOAD_microglial
RFX5,GOAD_microglial
RGS1,GOAD_microglial
RGS10,GOAD_microglial
RGS11,GOAD_microglial
RGS14,GOAD_microglial
RGS16,GOAD_microglial
RHOB,GOAD_microglial
RHOBTB1,GOAD_microglial
RHOC,GOAD_microglial
RHOF,GOAD_microglial
RLF,GOAD_microglial
RNASEH2B,GOAD_microglial
RNF128,GOAD_microglial
RNF149,GOAD_microglial
RNF31,GOAD_microglial
RNPC3,GOAD_microglial
ROPN1L,GOAD_microglial
RORA,GOAD_microglial
RPL15,GOAD_microglial
RPL22,GOAD_microglial
RPL23,GOAD_microglial
RPL31,GOAD_microglial
RPL32,GOAD_microglial
RPL36A,GOAD_microglial
RPL36AL,GOAD_microglial
RPL37A,GOAD_microglial
RPL6,GOAD_microglial
RPL8,GOAD_microglial
RPS10,GOAD_microglial
RPS11,GOAD_microglial
RPS14,GOAD_microglial
RPS15,GOAD_microglial
RPS25,GOAD_microglial
RPS26,GOAD_microglial
RPS3,GOAD_microglial
RPS5,GOAD_microglial
RPS6KA1,GOAD_microglial
RPS9,GOAD_microglial
RPSA,GOAD_microglial
RRAD,GOAD_microglial
RRAGC,GOAD_microglial
RRM2,GOAD_microglial
RSAD2,GOAD_microglial
RSBN1,GOAD_microglial
RSPO1,GOAD_microglial
RTN1,GOAD_microglial
RTP4,GOAD_microglial
RUNX3,GOAD_microglial
RUSC2,GOAD_microglial
RXRG,GOAD_microglial
S100A1,GOAD_microglial
SALL1,GOAD_microglial
SAMD4B,GOAD_microglial
SAMD8,GOAD_microglial
SAMD9L,GOAD_microglial
SAP30,GOAD_microglial
SASH1,GOAD_microglial
SASH3,GOAD_microglial
SCAMP2,GOAD_microglial
SCAMP5,GOAD_microglial
SCARB1,GOAD_microglial
SCD2,GOAD_microglial
SCPEP1,GOAD_microglial
SCRT1,GOAD_microglial
SDC3,GOAD_microglial
SDC4,GOAD_microglial
SDCBP,GOAD_microglial
SDF2L1,GOAD_microglial
SDF4,GOAD_microglial
SELM,GOAD_microglial
SELPLG,GOAD_microglial
SEMA4B,GOAD_microglial
SEPHS1,GOAD_microglial
SEPP1,GOAD_microglial
45546,GOAD_microglial
45539,GOAD_microglial
SERF1,GOAD_microglial
SERINC1,GOAD_microglial
SERINC3,GOAD_microglial
SERPINB6A,GOAD_microglial
SERPINB6B,GOAD_microglial
SERPINB6C,GOAD_microglial
SERPINB9,GOAD_microglial
SERPINE1,GOAD_microglial
SERPINE2,GOAD_microglial
SERPINF1,GOAD_microglial
SESN1,GOAD_microglial
SESTD1,GOAD_microglial
SETBP1,GOAD_microglial
SGCB,GOAD_microglial
SGMS1,GOAD_microglial
SGSH,GOAD_microglial
SH3BGRL,GOAD_microglial
SH3PXD2B,GOAD_microglial
SH3YL1,GOAD_microglial
SHE,GOAD_microglial
SIAE,GOAD_microglial
SIGLEC1,GOAD_microglial
SIGLEC5,GOAD_microglial
SIGLECH,GOAD_microglial
SIK1,GOAD_microglial
SIL1,GOAD_microglial
SIPA1,GOAD_microglial
SIVA1,GOAD_microglial
SKAP1,GOAD_microglial
SLA,GOAD_microglial
SLC13A3,GOAD_microglial
SLC15A3,GOAD_microglial
SLC16A3,GOAD_microglial
SLC1A3,GOAD_microglial
SLC1A5,GOAD_microglial
SLC23A2,GOAD_microglial
SLC25A13,GOAD_microglial
SLC25A19,GOAD_microglial
SLC25A25,GOAD_microglial
SLC25A27,GOAD_microglial
SLC25A37,GOAD_microglial
SLC25A4,GOAD_microglial
SLC26A11,GOAD_microglial
SLC27A1,GOAD_microglial
SLC2A1,GOAD_microglial
SLC2A3,GOAD_microglial
SLC2A5,GOAD_microglial
SLC2A6,GOAD_microglial
SLC30A1,GOAD_microglial
SLC31A1,GOAD_microglial
SLC35A4,GOAD_microglial
SLC35E4,GOAD_microglial
SLC36A2,GOAD_microglial
SLC36A4,GOAD_microglial
SLC39A12,GOAD_microglial
SLC40A1,GOAD_microglial
SLC43A3,GOAD_microglial
SLC44A1,GOAD_microglial
SLC45A4,GOAD_microglial
SLC46A1,GOAD_microglial
SLC5A10,GOAD_microglial
SLC6A6,GOAD_microglial
SLC7A1,GOAD_microglial
SLC7A11,GOAD_microglial
SLCO2B1,GOAD_microglial
SLCO4A1,GOAD_microglial
SLFN2,GOAD_microglial
SMARCA5,GOAD_microglial
SMC4,GOAD_microglial
SMPDL3A,GOAD_microglial
SMYD2,GOAD_microglial
SNAP29,GOAD_microglial
SNHG6,GOAD_microglial
SNN,GOAD_microglial
SNORA74A,GOAD_microglial
SNPH,GOAD_microglial
SNRPD2,GOAD_microglial
SNTA1,GOAD_microglial
SNTB2,GOAD_microglial
SNX3,GOAD_microglial
SOAT1,GOAD_microglial
SOCS4,GOAD_microglial
SOCS6,GOAD_microglial
SOD1,GOAD_microglial
SOD2,GOAD_microglial
SOX4,GOAD_microglial
SOX7,GOAD_microglial
SPARC,GOAD_microglial
SPEG,GOAD_microglial
SPG21,GOAD_microglial
SPP1,GOAD_microglial
SQLE,GOAD_microglial
SQRDL,GOAD_microglial
SREBF2,GOAD_microglial
SRGAP2,GOAD_microglial
SRGN,GOAD_microglial
SRI,GOAD_microglial
SRPK2,GOAD_microglial
SRXN1,GOAD_microglial
SSH2,GOAD_microglial
SSR3,GOAD_microglial
SSR4,GOAD_microglial
ST14,GOAD_microglial
ST3GAL5,GOAD_microglial
ST3GAL6,GOAD_microglial
ST8SIA1,GOAD_microglial
ST8SIA4,GOAD_microglial
ST8SIA6,GOAD_microglial
STAB1,GOAD_microglial
STAMBPL1,GOAD_microglial
STARD3,GOAD_microglial
STARD4,GOAD_microglial
STARD8,GOAD_microglial
STIL,GOAD_microglial
STK3,GOAD_microglial
STK4,GOAD_microglial
STT3B,GOAD_microglial
STX11,GOAD_microglial
STX3,GOAD_microglial
SULF2,GOAD_microglial
SULT1A1,GOAD_microglial
SUMO1,GOAD_microglial
SURF4,GOAD_microglial
SYNE2,GOAD_microglial
SYNGR1,GOAD_microglial
TANC2,GOAD_microglial
TBC1D12,GOAD_microglial
TBC1D16,GOAD_microglial
TBC1D4,GOAD_microglial
TCAP,GOAD_microglial
TCF4,GOAD_microglial
TCP1,GOAD_microglial
TECPR1,GOAD_microglial
TEF,GOAD_microglial
TES,GOAD_microglial
TGFBI,GOAD_microglial
TGFBR1,GOAD_microglial
TGFBR2,GOAD_microglial
TGM2,GOAD_microglial
TGOLN1,GOAD_microglial
THBS1,GOAD_microglial
TIGD4,GOAD_microglial
TIMM8A1,GOAD_microglial
TIMP2,GOAD_microglial
TIPARP,GOAD_microglial
TJP1,GOAD_microglial
TLE3,GOAD_microglial
TLK1,GOAD_microglial
TLN1,GOAD_microglial
TLR1,GOAD_microglial
TLR2,GOAD_microglial
TLR5,GOAD_microglial
TM6SF1,GOAD_microglial
TMBIM1,GOAD_microglial
TMCO4,GOAD_microglial
TMED10,GOAD_microglial
TMED3,GOAD_microglial
TMEM119,GOAD_microglial
TMEM123,GOAD_microglial
TMEM163,GOAD_microglial
TMEM164,GOAD_microglial
TMEM170B,GOAD_microglial
TMEM173,GOAD_microglial
TMEM178,GOAD_microglial
TMEM184B,GOAD_microglial
TMEM202,GOAD_microglial
TMEM204,GOAD_microglial
TMEM205,GOAD_microglial
TMEM37,GOAD_microglial
TMEM39A,GOAD_microglial
TMEM44,GOAD_microglial
TMEM51,GOAD_microglial
TMEM52,GOAD_microglial
TMEM63A,GOAD_microglial
TMEM65,GOAD_microglial
TMEM66,GOAD_microglial
TMEM86A,GOAD_microglial
TMSB4X,GOAD_microglial
TNFAIP2,GOAD_microglial
TNFAIP8,GOAD_microglial
TNFAIP8L1,GOAD_microglial
TNFSF8,GOAD_microglial
TNFSF9,GOAD_microglial
TNIP2,GOAD_microglial
TNS3,GOAD_microglial
TOLLIP,GOAD_microglial
TOMM70A,GOAD_microglial
TOP2A,GOAD_microglial
TPCN2,GOAD_microglial
TPD52,GOAD_microglial
TPI1,GOAD_microglial
TPM4,GOAD_microglial
TPPP,GOAD_microglial
TPST2,GOAD_microglial
TRAF5,GOAD_microglial
TREM2,GOAD_microglial
TRF,GOAD_microglial
TRIB3,GOAD_microglial
TRIM62,GOAD_microglial
TRMT5,GOAD_microglial
TRPC4,GOAD_microglial
TRPM1,GOAD_microglial
TRPM6,GOAD_microglial
TRPS1,GOAD_microglial
TSC22D1,GOAD_microglial
TSC22D3,GOAD_microglial
TSPAN13,GOAD_microglial
TSPAN14,GOAD_microglial
TSPAN17,GOAD_microglial
TSPAN18,GOAD_microglial
TSPO,GOAD_microglial
TTC3,GOAD_microglial
TTC7,GOAD_microglial
TTYH2,GOAD_microglial
TUBA1A,GOAD_microglial
TUBB5,GOAD_microglial
TUSC1,GOAD_microglial
TXNDC16,GOAD_microglial
TXNDC5,GOAD_microglial
TXNIP,GOAD_microglial
TXNRD1,GOAD_microglial
TYROBP,GOAD_microglial
UAP1,GOAD_microglial
UAP1L1,GOAD_microglial
UBC,GOAD_microglial
UBE2L3,GOAD_microglial
UCK2,GOAD_microglial
UNC13B,GOAD_microglial
UNC5A,GOAD_microglial
UNC93B1,GOAD_microglial
UPK1A,GOAD_microglial
UPK1B,GOAD_microglial
UQCRFS1,GOAD_microglial
USE1,GOAD_microglial
USP12,GOAD_microglial
USP18,GOAD_microglial
USP2,GOAD_microglial
USP21,GOAD_microglial
USP30,GOAD_microglial
USP9X,GOAD_microglial
VAMP1,GOAD_microglial
VAMP3,GOAD_microglial
VAT1,GOAD_microglial
VDAC2,GOAD_microglial
VEGFA,GOAD_microglial
VIM,GOAD_microglial
VKORC1,GOAD_microglial
VPRBP,GOAD_microglial
VPS13C,GOAD_microglial
VPS18,GOAD_microglial
VPS26A,GOAD_microglial
VPS29,GOAD_microglial
VPS35,GOAD_microglial
VPS37B,GOAD_microglial
VSIG8,GOAD_microglial
WASF2,GOAD_microglial
WBP5,GOAD_microglial
WDFY2,GOAD_microglial
WEE1,GOAD_microglial
WIF1,GOAD_microglial
WIPF1,GOAD_microglial
WIPF3,GOAD_microglial
WSB2,GOAD_microglial
XPR1,GOAD_microglial
XYLT1,GOAD_microglial
YBX1,GOAD_microglial
YDJC,GOAD_microglial
YIPF7,GOAD_microglial
YWHAG,GOAD_microglial
ZBP1,GOAD_microglial
ZBTB16,GOAD_microglial
ZDHHC21,GOAD_microglial
ZFAND2A,GOAD_microglial
ZFHX3,GOAD_microglial
ZFP358,GOAD_microglial
ZFP365,GOAD_microglial
ZFP367,GOAD_microglial
ZFP36L2,GOAD_microglial
ZFP408,GOAD_microglial
ZFP503,GOAD_microglial
ZFP618,GOAD_microglial
ZFP704,GOAD_microglial
ZFP710,GOAD_microglial
ZFP740,GOAD_microglial
ZFP90,GOAD_microglial
ZFP91,GOAD_microglial
ZMAT3,GOAD_microglial
ZMYND15,GOAD_microglial
ZSCAN2,GOAD_microglial
ZWILCH,GOAD_microglial
1600014C23RIK,GOAD_astrocyte
1700016K19RIK,GOAD_astrocyte
1700017B05RIK,GOAD_astrocyte
1700019G17RIK,GOAD_astrocyte
1700084C01RIK,GOAD_astrocyte
2610034M16RIK,GOAD_astrocyte
4930506M07RIK,GOAD_astrocyte
9330159F19RIK,GOAD_astrocyte
AACS,GOAD_astrocyte
AASS,GOAD_astrocyte
ABAT,GOAD_astrocyte
ABCB9,GOAD_astrocyte
ABCC9,GOAD_astrocyte
ABCD2,GOAD_astrocyte
ABHD2,GOAD_astrocyte
ABHD6,GOAD_astrocyte
ACAT3,GOAD_astrocyte
ACOT10,GOAD_astrocyte
ACOT11,GOAD_astrocyte
ACOT9,GOAD_astrocyte
ACSBG1,GOAD_astrocyte
ACSL3,GOAD_astrocyte
ACSL5,GOAD_astrocyte
ACSL6,GOAD_astrocyte
ACSS1,GOAD_astrocyte
ACSS2,GOAD_astrocyte
ADAMTSL2,GOAD_astrocyte
ADHFE1,GOAD_astrocyte
ADK,GOAD_astrocyte
ADORA2B,GOAD_astrocyte
AEBP1,GOAD_astrocyte
AF251705,GOAD_astrocyte
AFAP1L2,GOAD_astrocyte
AGL,GOAD_astrocyte
AGPAT5,GOAD_astrocyte
AHNAK,GOAD_astrocyte
AI464131,GOAD_astrocyte
AI661453,GOAD_astrocyte
AK1,GOAD_astrocyte
AKR1C14,GOAD_astrocyte
ALDH18A1,GOAD_astrocyte
ALDH1L1,GOAD_astrocyte
ALDH1L2,GOAD_astrocyte
ALDOC,GOAD_astrocyte
ALG8,GOAD_astrocyte
ALKBH7,GOAD_astrocyte
AMPD2,GOAD_astrocyte
ANGPTL4,GOAD_astrocyte
ANKRD29,GOAD_astrocyte
ANXA4,GOAD_astrocyte
APBB1IP,GOAD_astrocyte
APLN,GOAD_astrocyte
APLP1,GOAD_astrocyte
APOL9A,GOAD_astrocyte
APOL9B,GOAD_astrocyte
ARHGAP9,GOAD_astrocyte
ARHGDIG,GOAD_astrocyte
ARL4D,GOAD_astrocyte
ARMC3,GOAD_astrocyte
ARNT2,GOAD_astrocyte
ARRB1,GOAD_astrocyte
ART3,GOAD_astrocyte
ARX,GOAD_astrocyte
ASNS,GOAD_astrocyte
ASPG,GOAD_astrocyte
ASTN1,GOAD_astrocyte
ATP13A4,GOAD_astrocyte
ATP13A5,GOAD_astrocyte
ATP1A1,GOAD_astrocyte
ATP1A2,GOAD_astrocyte
ATP2B4,GOAD_astrocyte
ATP9A,GOAD_astrocyte
ATXN2,GOAD_astrocyte
B3GALTL,GOAD_astrocyte
B4GALT1,GOAD_astrocyte
BAALC,GOAD_astrocyte
BAG1,GOAD_astrocyte
BAI3,GOAD_astrocyte
BBC3,GOAD_astrocyte
BBOX1,GOAD_astrocyte
BC005764,GOAD_astrocyte
BCL2A1C,GOAD_astrocyte
BCL3,GOAD_astrocyte
BEND6,GOAD_astrocyte
BIK,GOAD_astrocyte
BTBD17,GOAD_astrocyte
C1QTNF4,GOAD_astrocyte
C4B,GOAD_astrocyte
CAB39,GOAD_astrocyte
CABLES1,GOAD_astrocyte
CACNB3,GOAD_astrocyte
CALM2,GOAD_astrocyte
CAR14,GOAD_astrocyte
CAR2,GOAD_astrocyte
CASP4,GOAD_astrocyte
CAST,GOAD_astrocyte
CBR3,GOAD_astrocyte
CBS,GOAD_astrocyte
CCBL1,GOAD_astrocyte
CCDC102A,GOAD_astrocyte
CCDC19,GOAD_astrocyte
CCK,GOAD_astrocyte
CCL3,GOAD_astrocyte
CCL4,GOAD_astrocyte
CCL5,GOAD_astrocyte
CCL6,GOAD_astrocyte
CCNJL,GOAD_astrocyte
CD14,GOAD_astrocyte
CD24A,GOAD_astrocyte
CD3D,GOAD_astrocyte
CD40,GOAD_astrocyte
CD52,GOAD_astrocyte
CD83,GOAD_astrocyte
CD9,GOAD_astrocyte
CDC20,GOAD_astrocyte
CDC42EP5,GOAD_astrocyte
CDH19,GOAD_astrocyte
CDH2,GOAD_astrocyte
CDH20,GOAD_astrocyte
CDT1,GOAD_astrocyte
CEND1,GOAD_astrocyte
CGREF1,GOAD_astrocyte
CH25H,GOAD_astrocyte
CHAF1A,GOAD_astrocyte
CHCHD10,GOAD_astrocyte
CHGB,GOAD_astrocyte
CHST1,GOAD_astrocyte
CHST8,GOAD_astrocyte
CIDEB,GOAD_astrocyte
CITED4,GOAD_astrocyte
CKAP5,GOAD_astrocyte
CKB,GOAD_astrocyte
CLCN2,GOAD_astrocyte
CLEC7A,GOAD_astrocyte
CLIC1,GOAD_astrocyte
CLIP1,GOAD_astrocyte
CLU,GOAD_astrocyte
CML1,GOAD_astrocyte
CML3,GOAD_astrocyte
CML5,GOAD_astrocyte
CMPK2,GOAD_astrocyte
CMTM3,GOAD_astrocyte
CNP,GOAD_astrocyte
CNTFR,GOAD_astrocyte
COBLL1,GOAD_astrocyte
CORO1A,GOAD_astrocyte
COTL1,GOAD_astrocyte
COX6A2,GOAD_astrocyte
COX7A2L,GOAD_astrocyte
CPEB3,GOAD_astrocyte
CPLX1,GOAD_astrocyte
CPNE8,GOAD_astrocyte
CRLF3,GOAD_astrocyte
CROCC,GOAD_astrocyte
CROT,GOAD_astrocyte
CS,GOAD_astrocyte
CSGALNACT1,GOAD_astrocyte
CST3,GOAD_astrocyte
CST7,GOAD_astrocyte
CTH,GOAD_astrocyte
CTSF,GOAD_astrocyte
CTSS,GOAD_astrocyte
CTXN1,GOAD_astrocyte
CTXN2,GOAD_astrocyte
CXCL10,GOAD_astrocyte
CXCL14,GOAD_astrocyte
CXCL5,GOAD_astrocyte
CXCR3,GOAD_astrocyte
CXCR6,GOAD_astrocyte
CYGB,GOAD_astrocyte
CYP2J9,GOAD_astrocyte
CYP4F15,GOAD_astrocyte
CYP51,GOAD_astrocyte
CYP7B1,GOAD_astrocyte
CYTH4,GOAD_astrocyte
D630039A03RIK,GOAD_astrocyte
DAP,GOAD_astrocyte
DBP,GOAD_astrocyte
DBX2,GOAD_astrocyte
DDT,GOAD_astrocyte
DEXI,GOAD_astrocyte
DFNA5,GOAD_astrocyte
DHCR24,GOAD_astrocyte
DHCR7,GOAD_astrocyte
DHRS13,GOAD_astrocyte
DHRS7,GOAD_astrocyte
DHX58,GOAD_astrocyte
DIO2,GOAD_astrocyte
DMP1,GOAD_astrocyte
DMRTA2,GOAD_astrocyte
DNAJC10,GOAD_astrocyte
DNER,GOAD_astrocyte
DOK4,GOAD_astrocyte
DOK7,GOAD_astrocyte
DOLPP1,GOAD_astrocyte
DTX1,GOAD_astrocyte
DUSP2,GOAD_astrocyte
DUSP26,GOAD_astrocyte
DUSP3,GOAD_astrocyte
DUSP7,GOAD_astrocyte
DYNC1I1,GOAD_astrocyte
EEF1A1,GOAD_astrocyte
EGR1,GOAD_astrocyte
EGR2,GOAD_astrocyte
EIF1A,GOAD_astrocyte
ELOVL2,GOAD_astrocyte
ELOVL4,GOAD_astrocyte
ELOVL6,GOAD_astrocyte
EML1,GOAD_astrocyte
EMP1,GOAD_astrocyte
EMX2,GOAD_astrocyte
ENHO,GOAD_astrocyte
ENKUR,GOAD_astrocyte
ENTPD1,GOAD_astrocyte
ENTPD2,GOAD_astrocyte
EPB4.1L3,GOAD_astrocyte
EPDR1,GOAD_astrocyte
ESRRB,GOAD_astrocyte
ETV4,GOAD_astrocyte
ETV5,GOAD_astrocyte
EVI2A,GOAD_astrocyte
F3,GOAD_astrocyte
FABP3,GOAD_astrocyte
FABP5,GOAD_astrocyte
FADS1,GOAD_astrocyte
FADS2,GOAD_astrocyte
FAM101B,GOAD_astrocyte
FAM117A,GOAD_astrocyte
FAM171B,GOAD_astrocyte
FAM174A,GOAD_astrocyte
FAM181B,GOAD_astrocyte
FAM195A,GOAD_astrocyte
FAM20A,GOAD_astrocyte
FAM49A,GOAD_astrocyte
FAM69A,GOAD_astrocyte
FAM69B,GOAD_astrocyte
FAM69C,GOAD_astrocyte
FAM84A,GOAD_astrocyte
FBLIM1,GOAD_astrocyte
FBLN7,GOAD_astrocyte
FBXL22,GOAD_astrocyte
FBXL7,GOAD_astrocyte
FBXO27,GOAD_astrocyte
FBXW17,GOAD_astrocyte
FCER1G,GOAD_astrocyte
FCGR2B,GOAD_astrocyte
FCGR3,GOAD_astrocyte
FCRLS,GOAD_astrocyte
FDPS,GOAD_astrocyte
FES,GOAD_astrocyte
FEZ1,GOAD_astrocyte
FEZF2,GOAD_astrocyte
FGFR3,GOAD_astrocyte
FGL2,GOAD_astrocyte
FHL5,GOAD_astrocyte
FHOD1,GOAD_astrocyte
FJX1,GOAD_astrocyte
FKBP10,GOAD_astrocyte
FLNC,GOAD_astrocyte
FNDC4,GOAD_astrocyte
FOLH1,GOAD_astrocyte
FOXG1,GOAD_astrocyte
FOXRED2,GOAD_astrocyte
FREM1,GOAD_astrocyte
FUT9,GOAD_astrocyte
FZD1,GOAD_astrocyte
FZD10,GOAD_astrocyte
FZD2,GOAD_astrocyte
G0S2,GOAD_astrocyte
GABRG1,GOAD_astrocyte
GAL3ST4,GOAD_astrocyte
GAP43,GOAD_astrocyte
GAPDH,GOAD_astrocyte
GBP9,GOAD_astrocyte
GCAT,GOAD_astrocyte
GCNT1,GOAD_astrocyte
GCNT2,GOAD_astrocyte
GDA,GOAD_astrocyte
GDF1,GOAD_astrocyte
GDPD1,GOAD_astrocyte
GFAP,GOAD_astrocyte
GGT7,GOAD_astrocyte
GGTA1,GOAD_astrocyte
GJB6,GOAD_astrocyte
GKN1,GOAD_astrocyte
GLCE,GOAD_astrocyte
GLI1,GOAD_astrocyte
GLI2,GOAD_astrocyte
GLUL,GOAD_astrocyte
GM13152,GOAD_astrocyte
GM16442,GOAD_astrocyte
GM4907,GOAD_astrocyte
GM4951,GOAD_astrocyte
GM4987,GOAD_astrocyte
GM694,GOAD_astrocyte
GNG13,GOAD_astrocyte
GNG2,GOAD_astrocyte
GNG3,GOAD_astrocyte
GPD1,GOAD_astrocyte
GPHN,GOAD_astrocyte
GPR156,GOAD_astrocyte
GPR19,GOAD_astrocyte
GPR84,GOAD_astrocyte
GPRC5B,GOAD_astrocyte
GPT,GOAD_astrocyte
GRAMD1B,GOAD_astrocyte
GRB10,GOAD_astrocyte
GRIN2C,GOAD_astrocyte
GRM3,GOAD_astrocyte
GSDMD,GOAD_astrocyte
GSTM1,GOAD_astrocyte
GSTM2,GOAD_astrocyte
GSTM5,GOAD_astrocyte
GSTO1,GOAD_astrocyte
GYS1,GOAD_astrocyte
H3F3B,GOAD_astrocyte
H6PD,GOAD_astrocyte
HAPLN1,GOAD_astrocyte
HAUS4,GOAD_astrocyte
HCLS1,GOAD_astrocyte
HCRTR1,GOAD_astrocyte
HCST,GOAD_astrocyte
HDHD3,GOAD_astrocyte
HECA,GOAD_astrocyte
HEG1,GOAD_astrocyte
HES5,GOAD_astrocyte
HHATL,GOAD_astrocyte
HIP1,GOAD_astrocyte
HIPK1,GOAD_astrocyte
HMGB2,GOAD_astrocyte
HMGCR,GOAD_astrocyte
HMGCS1,GOAD_astrocyte
HNMT,GOAD_astrocyte
HPDL,GOAD_astrocyte
HPX,GOAD_astrocyte
HRH1,GOAD_astrocyte
HSD17B7,GOAD_astrocyte
HSPG2,GOAD_astrocyte
HTRA1,GOAD_astrocyte
ICA1,GOAD_astrocyte
ICAM1,GOAD_astrocyte
ID4,GOAD_astrocyte
IDH1,GOAD_astrocyte
IDI1,GOAD_astrocyte
IFI203,GOAD_astrocyte
IFI204,GOAD_astrocyte
IFI27L2A,GOAD_astrocyte
IFI35,GOAD_astrocyte
IFI44,GOAD_astrocyte
IFIT2,GOAD_astrocyte
IFIT3,GOAD_astrocyte
IFITM1,GOAD_astrocyte
IGFBP2,GOAD_astrocyte
IL18,GOAD_astrocyte
IL1B,GOAD_astrocyte
IL3RA,GOAD_astrocyte
IL4I1,GOAD_astrocyte
IMPA2,GOAD_astrocyte
INHBB,GOAD_astrocyte
INPP5D,GOAD_astrocyte
IQGAP1,GOAD_astrocyte
IRF7,GOAD_astrocyte
ISG15,GOAD_astrocyte
ISG20,GOAD_astrocyte
ISM1,GOAD_astrocyte
ITGAX,GOAD_astrocyte
ITGB1,GOAD_astrocyte
ITGB7,GOAD_astrocyte
ITIH3,GOAD_astrocyte
KANK4,GOAD_astrocyte
KAZALD1,GOAD_astrocyte
KCNC4,GOAD_astrocyte
KCNJ10,GOAD_astrocyte
KCNJ16,GOAD_astrocyte
KCNK1,GOAD_astrocyte
KCNN2,GOAD_astrocyte
KCTD12,GOAD_astrocyte
KIF21B,GOAD_astrocyte
KIF5A,GOAD_astrocyte
KIRREL2,GOAD_astrocyte
KLHL32,GOAD_astrocyte
KY,GOAD_astrocyte
LAMC2,GOAD_astrocyte
LAP3,GOAD_astrocyte
LCAT,GOAD_astrocyte
LCK,GOAD_astrocyte
LCP1,GOAD_astrocyte
LDB2,GOAD_astrocyte
LDHB,GOAD_astrocyte
LDLR,GOAD_astrocyte
LFNG,GOAD_astrocyte
LGALS3,GOAD_astrocyte
LGI1,GOAD_astrocyte
LGI2,GOAD_astrocyte
LHX2,GOAD_astrocyte
LIMA1,GOAD_astrocyte
LMO4,GOAD_astrocyte
LMO7,GOAD_astrocyte
LOX,GOAD_astrocyte
LRRC23,GOAD_astrocyte
LRRC24,GOAD_astrocyte
LRRC4,GOAD_astrocyte
LSP1,GOAD_astrocyte
LSS,GOAD_astrocyte
LTB,GOAD_astrocyte
LUZP2,GOAD_astrocyte
LY6H,GOAD_astrocyte
LY86,GOAD_astrocyte
LYPD6,GOAD_astrocyte
LYZ1,GOAD_astrocyte
LYZ2,GOAD_astrocyte
MAL2,GOAD_astrocyte
MALL,GOAD_astrocyte
MAP3K8,GOAD_astrocyte
MATN2,GOAD_astrocyte
MBOAT2,GOAD_astrocyte
MCM5,GOAD_astrocyte
MEGF10,GOAD_astrocyte
MERTK,GOAD_astrocyte
MFN1,GOAD_astrocyte
MGLL,GOAD_astrocyte
MID1IP1,GOAD_astrocyte
MILL2,GOAD_astrocyte
MKI67,GOAD_astrocyte
MLF1,GOAD_astrocyte
MMD2,GOAD_astrocyte
MNDA,GOAD_astrocyte
MRAS,GOAD_astrocyte
MS4A4B,GOAD_astrocyte
MSRB3,GOAD_astrocyte
MT1,GOAD_astrocyte
MT2,GOAD_astrocyte
MTHFD1,GOAD_astrocyte
MTHFD2,GOAD_astrocyte
MUM1L1,GOAD_astrocyte
MVD,GOAD_astrocyte
MVK,GOAD_astrocyte
MX2,GOAD_astrocyte
MYCN,GOAD_astrocyte
MYLIP,GOAD_astrocyte
MYO1H,GOAD_astrocyte
MYOM3,GOAD_astrocyte
NAA15,GOAD_astrocyte
NAIP2,GOAD_astrocyte
NAP1L1,GOAD_astrocyte
NAT8,GOAD_astrocyte
NAT8B,GOAD_astrocyte
NCAM1,GOAD_astrocyte
NCF4,GOAD_astrocyte
NDP,GOAD_astrocyte
NDRG2,GOAD_astrocyte
NES,GOAD_astrocyte
NEURL2,GOAD_astrocyte
NGEF,GOAD_astrocyte
NGFR,GOAD_astrocyte
NHLRC1,GOAD_astrocyte
NINJ2,GOAD_astrocyte
NKAIN4,GOAD_astrocyte
NLGN1,GOAD_astrocyte
NOV,GOAD_astrocyte
NPAS4,GOAD_astrocyte
NR1D1,GOAD_astrocyte
NR2E1,GOAD_astrocyte
NR2F1,GOAD_astrocyte
NRCAM,GOAD_astrocyte
NRSN1,GOAD_astrocyte
NRXN1,GOAD_astrocyte
NSG2,GOAD_astrocyte
NT5DC3,GOAD_astrocyte
NTN1,GOAD_astrocyte
NTSR2,GOAD_astrocyte
NUDT10,GOAD_astrocyte
NWD1,GOAD_astrocyte
NXPH3,GOAD_astrocyte
OAS1C,GOAD_astrocyte
OAS1F,GOAD_astrocyte
OAS2,GOAD_astrocyte
OASL1,GOAD_astrocyte
OLFM1,GOAD_astrocyte
OLFML3,GOAD_astrocyte
OLIG1,GOAD_astrocyte
OLIG2,GOAD_astrocyte
OMG,GOAD_astrocyte
OSBPL10,GOAD_astrocyte
OSGIN2,GOAD_astrocyte
OSMR,GOAD_astrocyte
OSTF1,GOAD_astrocyte
OTUD7A,GOAD_astrocyte
PAFAH1B3,GOAD_astrocyte
PAQR7,GOAD_astrocyte
PAQR8,GOAD_astrocyte
PARP9,GOAD_astrocyte
PAWR,GOAD_astrocyte
PBK,GOAD_astrocyte
PBX3,GOAD_astrocyte
PCDH20,GOAD_astrocyte
PCDHB10,GOAD_astrocyte
PCYT2,GOAD_astrocyte
PDE1B,GOAD_astrocyte
PDGFD,GOAD_astrocyte
PDK2,GOAD_astrocyte
PDK4,GOAD_astrocyte
PEX11A,GOAD_astrocyte
PFKM,GOAD_astrocyte
PFN2,GOAD_astrocyte
PGM2,GOAD_astrocyte
PGP,GOAD_astrocyte
PGRMC1,GOAD_astrocyte
PHACTR3,GOAD_astrocyte
PHF11,GOAD_astrocyte
PHGDH,GOAD_astrocyte
PHLPP1,GOAD_astrocyte
PI15,GOAD_astrocyte
PIGS,GOAD_astrocyte
PIK3IP1,GOAD_astrocyte
PLA1A,GOAD_astrocyte
PLCB4,GOAD_astrocyte
PLCD1,GOAD_astrocyte
PLCD4,GOAD_astrocyte
PLEKHO2,GOAD_astrocyte
PLS3,GOAD_astrocyte
PLSCR1,GOAD_astrocyte
PLXND1,GOAD_astrocyte
PMEPA1,GOAD_astrocyte
PMM1,GOAD_astrocyte
PNPLA7,GOAD_astrocyte
POR,GOAD_astrocyte
PPAP2B,GOAD_astrocyte
PPAP2C,GOAD_astrocyte
PPAPDC3,GOAD_astrocyte
PPARA,GOAD_astrocyte
PPIL6,GOAD_astrocyte
PPP1R12A,GOAD_astrocyte
PPP1R3D,GOAD_astrocyte
PPP1R3G,GOAD_astrocyte
PQLC3,GOAD_astrocyte
PRC1,GOAD_astrocyte
PRKCSH,GOAD_astrocyte
PRKD1,GOAD_astrocyte
PRNP,GOAD_astrocyte
PRODH,GOAD_astrocyte
PRR5,GOAD_astrocyte
PRX,GOAD_astrocyte
PTGS1,GOAD_astrocyte
PTGS2,GOAD_astrocyte
PTPLAD1,GOAD_astrocyte
PTPLB,GOAD_astrocyte
PTPN13,GOAD_astrocyte
PTPN18,GOAD_astrocyte
PTPN6,GOAD_astrocyte
PXMP2,GOAD_astrocyte
RAB19,GOAD_astrocyte
RAB33A,GOAD_astrocyte
RAB3IL1,GOAD_astrocyte
RAB9,GOAD_astrocyte
RAC2,GOAD_astrocyte
RALGDS,GOAD_astrocyte
RANBP3L,GOAD_astrocyte
RAPGEF3,GOAD_astrocyte
RASA3,GOAD_astrocyte
RASAL2,GOAD_astrocyte
RASD2,GOAD_astrocyte
RASGEF1A,GOAD_astrocyte
RAVER2,GOAD_astrocyte
RDH11,GOAD_astrocyte
RECK,GOAD_astrocyte
REEP1,GOAD_astrocyte
RELL1,GOAD_astrocyte
REPIN1,GOAD_astrocyte
RET,GOAD_astrocyte
RGS1,GOAD_astrocyte
RGS10,GOAD_astrocyte
RGS17,GOAD_astrocyte
RGS7,GOAD_astrocyte
RHBDF2,GOAD_astrocyte
RIMKLA,GOAD_astrocyte
RIPPLY3,GOAD_astrocyte
RND1,GOAD_astrocyte
RNF182,GOAD_astrocyte
ROCK1,GOAD_astrocyte
RPE65,GOAD_astrocyte
RPL12,GOAD_astrocyte
RPL13,GOAD_astrocyte
RPL13A,GOAD_astrocyte
RPL26L1,GOAD_astrocyte
RPL35A,GOAD_astrocyte
RPL36A,GOAD_astrocyte
RPL5,GOAD_astrocyte
RPLP1,GOAD_astrocyte
RPS12,GOAD_astrocyte
RPS18,GOAD_astrocyte
RPS20,GOAD_astrocyte
RPS24,GOAD_astrocyte
RPS3A,GOAD_astrocyte
RPS4X,GOAD_astrocyte
RPS4Y2,GOAD_astrocyte
RRAS,GOAD_astrocyte
RSAD2,GOAD_astrocyte
SALL1,GOAD_astrocyte
SAP30,GOAD_astrocyte
SBK1,GOAD_astrocyte
SC5D,GOAD_astrocyte
SCARA3,GOAD_astrocyte
SCD2,GOAD_astrocyte
SCG3,GOAD_astrocyte
SCO2,GOAD_astrocyte
SDC4,GOAD_astrocyte
SDF2,GOAD_astrocyte
SDR39U1,GOAD_astrocyte
SEC14L2,GOAD_astrocyte
SEMA3B,GOAD_astrocyte
SEMA4A,GOAD_astrocyte
SEMA4B,GOAD_astrocyte
SEMA4D,GOAD_astrocyte
SERP2,GOAD_astrocyte
SERPINA3N,GOAD_astrocyte
SESTD1,GOAD_astrocyte
SH3BGRL3,GOAD_astrocyte
SHISA4,GOAD_astrocyte
SKAP1,GOAD_astrocyte
SKIL,GOAD_astrocyte
SLAIN2,GOAD_astrocyte
SLC13A5,GOAD_astrocyte
SLC15A2,GOAD_astrocyte
SLC19A2,GOAD_astrocyte
SLC1A3,GOAD_astrocyte
SLC22A17,GOAD_astrocyte
SLC25A18,GOAD_astrocyte
SLC25A24,GOAD_astrocyte
SLC25A29,GOAD_astrocyte
SLC25A33,GOAD_astrocyte
SLC26A6,GOAD_astrocyte
SLC29A4,GOAD_astrocyte
SLC35E4,GOAD_astrocyte
SLC38A3,GOAD_astrocyte
SLC39A12,GOAD_astrocyte
SLC41A1,GOAD_astrocyte
SLC43A2,GOAD_astrocyte
SLC46A1,GOAD_astrocyte
SLC4A4,GOAD_astrocyte
SLC7A10,GOAD_astrocyte
SLC9A3R1,GOAD_astrocyte
SLCO4A1,GOAD_astrocyte
SLFN2,GOAD_astrocyte
SLFN3,GOAD_astrocyte
SLFN5,GOAD_astrocyte
SLITRK5,GOAD_astrocyte
SLMAP,GOAD_astrocyte
SMAD6,GOAD_astrocyte
SMOX,GOAD_astrocyte
SMPD1,GOAD_astrocyte
SMPDL3A,GOAD_astrocyte
SNAI2,GOAD_astrocyte
SORBS2,GOAD_astrocyte
SOX1,GOAD_astrocyte
SOX8,GOAD_astrocyte
SOX9,GOAD_astrocyte
SPAG5,GOAD_astrocyte
SPAG9,GOAD_astrocyte
SPATA13,GOAD_astrocyte
SPC25,GOAD_astrocyte
SPEF2,GOAD_astrocyte
SPHK1,GOAD_astrocyte
SPP1,GOAD_astrocyte
SPRY2,GOAD_astrocyte
SQLE,GOAD_astrocyte
ST6GALNAC5,GOAD_astrocyte
ST8SIA5,GOAD_astrocyte
ST8SIA6,GOAD_astrocyte
STAMBPL1,GOAD_astrocyte
STMN3,GOAD_astrocyte
SULF1,GOAD_astrocyte
SULF2,GOAD_astrocyte
SYN2,GOAD_astrocyte
SYNPO2,GOAD_astrocyte
SYT5,GOAD_astrocyte
TBC1D10A,GOAD_astrocyte
TCF15,GOAD_astrocyte
TEAD2,GOAD_astrocyte
TEF,GOAD_astrocyte
TGFB1,GOAD_astrocyte
TGFBI,GOAD_astrocyte
THBS1,GOAD_astrocyte
THRSP,GOAD_astrocyte
THSD7A,GOAD_astrocyte
TIFA,GOAD_astrocyte
TIMP4,GOAD_astrocyte
TIPARP,GOAD_astrocyte
TKT,GOAD_astrocyte
TLCD1,GOAD_astrocyte
TLR12,GOAD_astrocyte
TLR2,GOAD_astrocyte
TM6SF1,GOAD_astrocyte
TM7SF2,GOAD_astrocyte
TMEM129,GOAD_astrocyte
TMEM130,GOAD_astrocyte
TMEM132A,GOAD_astrocyte
TMEM229A,GOAD_astrocyte
TMEM25,GOAD_astrocyte
TMEM35,GOAD_astrocyte
TMEM38B,GOAD_astrocyte
TMEM55A,GOAD_astrocyte
TMEM56,GOAD_astrocyte
TMEM59L,GOAD_astrocyte
TMTC4,GOAD_astrocyte
TNF,GOAD_astrocyte
TNFAIP3,GOAD_astrocyte
TOM1L1,GOAD_astrocyte
TOX,GOAD_astrocyte
TPD52,GOAD_astrocyte
TPRKB,GOAD_astrocyte
TRAF4,GOAD_astrocyte
TRAK2,GOAD_astrocyte
TREM2,GOAD_astrocyte
TRF,GOAD_astrocyte
TRIM34,GOAD_astrocyte
TRNP1,GOAD_astrocyte
TSC22D3,GOAD_astrocyte
TSNAX,GOAD_astrocyte
TSPAN2,GOAD_astrocyte
TSPAN7,GOAD_astrocyte
TTC9B,GOAD_astrocyte
TTYH3,GOAD_astrocyte
TUBB2A,GOAD_astrocyte
TUBB2B,GOAD_astrocyte
TYROBP,GOAD_astrocyte
UBASH3B,GOAD_astrocyte
UBIAD1,GOAD_astrocyte
UCHL1,GOAD_astrocyte
UCK2,GOAD_astrocyte
UQCRFS1,GOAD_astrocyte
USP18,GOAD_astrocyte
USP51,GOAD_astrocyte
VEGFA,GOAD_astrocyte
VHL,GOAD_astrocyte
VIM,GOAD_astrocyte
WDR16,GOAD_astrocyte
WISP1,GOAD_astrocyte
WNT7A,GOAD_astrocyte
WNT7B,GOAD_astrocyte
WSCD2,GOAD_astrocyte
XAF1,GOAD_astrocyte
YWHAH,GOAD_astrocyte
ZC3HAV1,GOAD_astrocyte
ZFP36L2,GOAD_astrocyte
ZFP428,GOAD_astrocyte
ZFP661,GOAD_astrocyte
ZFP710,GOAD_astrocyte